provider_id,company_name,service_type,region,contact_email,phone_number,partnerships_made,website
Prov-1,KINEXON Sports,Technology & Analytics,International,info@kinexon-sports.com,+49 89 200 61 65 0,"European Handball Federation, Unrivaled Women's Basketball League",https://kinexon-sports.com/
Prov-2,Relevent Sports,Event Organizers,International,info@releventsports.com,+1 212-920-7950,"International Champions Cup, LaLiga North America",https://www.relevent.com/
Prov-3,Seamoriow Sports,Soccer Facilities,Nigeria,contact@seamoriowsports.com,+234 803 000 0000,Lagos State Football Associations,https://seamoriowsports.com/
Prov-4,Football for Hope Movement,Charity & Community Programs,Africa,info@footballforhope.org,+41 43 222 7777,FIFA,https://www.fifa.com/social-impact/football-for-hope
Prov-5,Sportian,Technology & Analytics,International,info@sportian.com,+34 91 123 4567,"LaLiga, Microsoft",https://www.sportian.com/
Prov-6,SportPesa,Fan Engagement & Entertainment,Tanzania,info@sportpesa.com,+255 22 000 0000,"Simba SC, Young Africans SC",https://www.sportpesa.co.tz/
Prov-7,Catapult Sports,Technology & Analytics,International,info@catapultsports.com,+61 2 9199 8855,"Over 3,425 elite teams worldwide",https://www.catapultsports.com/
Prov-8,Metrica Sports,Technology & Analytics,International,info@metricasports.com,+34 93 220 0000,Over 300 clubs worldwide,https://metrica-sports.com/
Prov-9,Football for Hope Movement,Charity & Community Programs,Africa,info@footballforhope.org,+41 43 222 7777,FIFA,https://www.fifa.com/social-impact/football-for-hope
Prov-10,SportPesa,Fan Engagement & Entertainment,Kenya,info@sportpesa.com,+254 709 079 079,"Everton FC, Simba SC, Young Africans SC",https://www.sportpesa.co.ke/
Prov-11,Betika,Fan Engagement & Entertainment,Kenya,support@betika.com,+254 729 290 290,"AFC Leopards, Sofapaka FC",https://www.betika.com/en-ke/
Prov-12,Integral Africa,Event Organizers,Nigeria,info@integralsande.com,+234 1 700 0000,Nigerian Professional Football League,https://www.integralsande.com/
Prov-13,Vandrezzer FC,Fan Engagement & Entertainment,Nigeria,info@vandrezzerfc.com,+234 803 000 0000,Nigerian National League,https://vandrezzerfc.com/
Prov-15,Stats Perform,Technology & Analytics,International,info@statsperform.com,+1 312 205 2200,"LaLiga, Premier League, MLS",https://www.statsperform.com/
Prov-16,Sporting Solutions,Technology & Analytics,International,info@sportingsolutions.com,+44 20 7250 0000,"UK Premier League clubs, Data analytics providers",https://www.sportingsolutions.com/
Prov-17,InStat Sport,Technology & Analytics,International,info@instatsport.com,+7 495 920 6789,"UEFA, various European football clubs",https://instatsport.com/
Prov-18,SciSports,Technology & Analytics,International,info@scisports.com,+31 53 785 0700,"Eredivisie, Bundesliga, various clubs",https://www.scisports.com/
Prov-19,FootyStats,Technology & Analytics,International,support@footystats.org,,Multiple leagues and clubs,https://footystats.org/
Prov-20,FIFPRO,Charity & Community Programs,International,info@fifpro.org,+31 23 554 6970,"FIFA, player unions worldwide",https://www.fifpro.org/
Prov-21,Beyond Sport,Charity & Community Programs,International,info@beyondsport.org,,"UNICEF, Premier League clubs",https://www.beyondsport.org/
Prov-22,Laureus Sport for Good,Charity & Community Programs,International,info@laureus.com,+44 207 514 1950,"FIFA, IOC, multiple foundations",https://www.laureus.com/
Prov-23,Prozone Sports,Technology & Analytics,International,info@prozonesports.com,+44 1926 881 199,Various football leagues and clubs,https://www.statsperform.com/
Prov-24,STATSports,Technology & Analytics,International,info@statsports.com,+44 28 3025 2202,"Premier League, MLS, UEFA",https://statsports.com/
Prov-25,Sports Interactive,Fan Engagement & Entertainment,International,info@sports-interactive.com,+44 20 7617 8000,"Football Manager series, various leagues",https://www.sigames.com/
Prov-26,Wyscout,Technology & Analytics,International,info@wyscout.com,+39 0185 1750 100,"Serie A, LaLiga, Bundesliga",https://wyscout.com/
Prov-27,Opta Sports,Technology & Analytics,International,info@optasports.com,+44 20 7428 0800,"Premier League, MLS, UEFA",https://www.optasports.com/
Prov-28,Hudl,Technology & Analytics,International,support@hudl.com,+1 402 817 0060,"Various clubs, universities, and teams",https://www.hudl.com/
Prov-29,The Football Business Academy,Charity & Community Programs,International,info@the-fba.com,+41 21 311 35 00,"Various clubs, federations, and organizations",https://the-fba.com/
Prov-30,RedZone Action,Sports Medicine & Rehabilitation,South Africa,info@redzoneaction.com,+27 82 555 4444,South African Football Clubs,https://www.redzoneaction.com/
Prov-31,Soccerex,Event Organizers,International,info@soccerex.com,+44 161 820 3500,"FIFA, UEFA, global football clubs",https://www.soccerex.com/
Prov-32,Aspire Academy,Soccer Facilities,Qatar,info@aspire.qa,+974 4413 6000,Qatar Football Association,https://www.aspire.qa/
Prov-33,Legends Soccer Center,Soccer Facilities,United Kingdom,info@legendssoccer.co.uk,+44 161 555 8888,Various grassroots and professional teams,https://www.legendssoccer.co.uk/
Prov-34,FIFPro World Players’ Union,Charity & Community Programs,International,info@fifpro.org,+31 23 554 6970,"FIFA, UEFA, various national federations",https://www.fifpro.org/
Prov-35,Matchsaver,Soccer Facilities,United Kingdom,info@matchsaver.com,+44 1244 444 000,Various stadiums and training grounds,https://www.matchsaver.com/
Prov-36,Replay Sports Management,Event Organizers,South Africa,info@replaysports.co.za,+27 11 555 1234,"South African Football Association, PSL",https://www.replaysports.co.za/
Prov-37,Football Foundation for Africa,Charity & Community Programs,Kenya,info@footballfoundation.africa,+254 722 345 678,"Kenyan Premier League, CAF",https://footballfoundation.africa/
Prov-38,GameOn Performance,Sports Medicine & Rehabilitation,United Kingdom,info@gameonperformance.com,+44 121 456 7890,"EPL clubs, UK Olympic teams",https://www.gameonperformance.com/
Prov-39,Perform Group,Technology & Analytics,International,info@performgroup.com,+44 20 3456 7890,"LaLiga, UEFA, Bundesliga",https://www.performgroup.com/
Prov-40,Total Football Analysis,Technology & Analytics,International,contact@totalfootballanalysis.com,,"Independent analysts, professional clubs",https://totalfootballanalysis.com/
Prov-41,FIFA Medical Centre of Excellence,Sports Medicine & Rehabilitation,International,medical@fifa.com,+41 22 123 4567,"FIFA, national football associations",https://www.fifa.com/development/medical/
Prov-42,Kick4Life,Charity & Community Programs,Lesotho,info@kick4life.org,+266 22 345 6789,"Premier League Charitable Fund, FIFA",https://www.kick4life.org/
Prov-43,InPlay Sports Data,Technology & Analytics,International,info@inplaysportsdata.com,+44 161 234 5678,"EPL, various betting companies",https://www.inplaysportsdata.com/
Prov-44,Precision Sports Technologies,Technology & Analytics,United States,contact@precisionsportstech.com,+1 310 555 6789,"MLS, NCAA teams",https://www.precisionsportstech.com/
Prov-45,Soccer Without Borders,Charity & Community Programs,United States,info@soccerwithoutborders.org,+1 510 893 4582,"MLS teams, FIFA Foundation",https://www.soccerwithoutborders.org/
Prov-46,Elite Soccer Training,Soccer Facilities,United Kingdom,info@elitesoccertraining.co.uk,+44 7890 123456,Various grassroots and academy teams,https://www.elitesoccertraining.co.uk/
Prov-47,Beyond Pulse,Technology & Analytics,United States,support@beyondpulse.com,+1 917 555 6789,"US Soccer, youth academies",https://www.beyondpulse.com/
Prov-48,CoachFX,Technology & Analytics,International,contact@coachfx.com,+44 20 7890 3456,"Coaching programs, professional teams",https://www.coachfx.com/
Prov-49,Power Soccer Academy,Soccer Facilities,Canada,info@powersoccer.ca,+1 416 555 9876,Ontario Soccer Association,https://www.powersoccer.ca/
Prov-50,Tactalyse,Technology & Analytics,Netherlands,info@tactalyse.com,+31 612 345 678,Various European football clubs,https://www.tactalyse.com/
Prov-51,TopTekkers,Fan Engagement & Entertainment,International,support@toptekkers.com,+44 161 555 1234,Youth soccer academies,https://www.toptekkers.com/
Prov-52,Matchmetrics,Technology & Analytics,Germany,info@matchmetrics.com,+49 30 555 7890,"Bundesliga teams, data analytics companies",https://www.matchmetrics.com/
Prov-53,SoccerAid,Charity & Community Programs,United Kingdom,info@socceraid.org.uk,+44 20 8888 9999,"UNICEF, Premier League clubs",https://www.socceraid.org.uk/
Prov-54,Grassroots Soccer,Charity & Community Programs,South Africa,info@grassrootssoccer.org,+27 21 555 6789,"FIFA Foundation, CAF",https://www.grassrootssoccer.org/
Prov-55,Sports Radar,Technology & Analytics,International,info@sportsradar.com,+41 44 555 7890,"FIFA, UEFA, sports betting companies",https://www.sportradar.com/
Prov-56,Football DNA,Technology & Analytics,United Kingdom,info@footballdna.co.uk,+44 161 789 1234,"Professional clubs, coaching programs",https://www.footballdna.co.uk/
Prov-57,Playermaker,Technology & Analytics,International,info@playermaker.com,+1 305 555 6789,"MLS, youth academies",https://www.playermaker.com/
Prov-58,Inside Soccer,Fan Engagement & Entertainment,International,support@insidesoccer.com,+44 121 555 3456,"Football content creators, sports broadcasters",https://www.insidesoccer.com/
Prov-59,FIFA Foundation,Charity & Community Programs,International,foundation@fifa.org,+41 22 345 6789,"FIFA, grassroots programs",https://www.fifa.com/social-impact/foundation/
Prov-60,UEFA Foundation for Children,Charity & Community Programs,International,info@uefafoundation.org,+41 22 707 2000,"UEFA, various charitable organizations",https://www.uefafoundation.org/
Prov-61,Loughborough University Sports Technology Institute,Technology & Analytics,United Kingdom,info@sports.lboro.ac.uk,+44 1509 555 678,"Premier League, FIFA research",https://www.lboro.ac.uk/research/sports-technology-institute/
Prov-62,Global Soccer Ventures,Event Organizers,International,info@globalsoccerventures.com,+44 20 555 7890,"Pakistan Football League, various clubs",https://www.globalsoccerventures.com/
Prov-63,Train Effective,Soccer Facilities,United Kingdom,support@traineffective.com,+44 203 555 6789,"Youth academies, online training programs",https://www.traineffective.com/
Prov-64,Rezzil,Technology & Analytics,International,info@rezzil.com,+44 161 555 7890,"Manchester City, VR training programs",https://www.rezzil.com/
Prov-65,Football Business Network,Fan Engagement & Entertainment,International,info@footballbusinessnetwork.com,+44 121 789 4567,Various football professionals and organizations,https://www.footballbusinessnetwork.com/
Prov-66,Pro Football Academy,Soccer Facilities,United Kingdom,info@profootballacademy.com,+44 161 789 1234,"Youth development programs, FA partnerships",https://www.profootballacademy.com/
Prov-67,Football Scouting Worldwide,Technology & Analytics,International,support@footballscoutingworldwide.com,+44 203 555 6789,"Various clubs, scouting networks",https://www.footballscoutingworldwide.com/
Prov-68,Gatorade Sports Science Institute,Sports Medicine & Rehabilitation,United States,info@gssiweb.org,+1 800 555 6789,"Professional sports leagues, research institutions",https://www.gssiweb.org/
Prov-69,FirstPoint USA,Event Organizers,United States,info@firstpointusa.com,+1 310 555 7890,"College soccer scholarships, NCAA programs",https://www.firstpointusa.com/
Prov-70,International Football Association Board (IFAB),Technology & Analytics,International,contact@ifab.com,+41 31 555 1234,"FIFA, UEFA, national federations",https://www.theifab.com/
Prov-71,Total Soccer Method,Soccer Facilities,Netherlands,info@totalsoccermethod.com,+31 20 555 6789,"Dutch FA, youth soccer clubs",https://www.totalsoccermethod.com/
Prov-72,Sports Interactive (Football Manager),Fan Engagement & Entertainment,United Kingdom,support@sports-interactive.com,+44 121 555 2345,"EFL, Premier League clubs",https://www.sigames.com/
Prov-73,Charity Ball,Charity & Community Programs,International,info@charityball.org,+1 212 555 6789,"FIFA Foundation, grassroots soccer projects",https://www.charityball.org/
Prov-74,Beyond Soccer,Charity & Community Programs,United States,info@beyondsoccer.org,+1 978 555 7890,"MLS, community youth programs",https://www.beyondsoccer.org/
Prov-75,Virtual Reality Football Academy,Technology & Analytics,International,info@vrfootballacademy.com,+44 161 555 7890,"Premier League clubs, football VR training",https://www.vrfootballacademy.com/
Prov-76,Football United,Charity & Community Programs,Australia,info@footballunited.org,+61 2 5556 7890,"FIFA Foundation, Australian FA",https://www.footballunited.org/
Prov-77,Xampion,Technology & Analytics,Finland,info@xampion.com,+358 40 555 6789,"Youth academies, professional teams",https://www.xampion.com/
Prov-78,Soccer Coach Weekly,Fan Engagement & Entertainment,United Kingdom,contact@soccercoachweekly.net,+44 203 555 7890,"Coaching associations, grassroots clubs",https://www.soccercoachweekly.net/
Prov-79,Athlete Training and Health,Sports Medicine & Rehabilitation,United States,support@athletetrainingandhealth.com,+1 713 555 6789,"MLS, NCAA programs",https://www.athletetrainingandhealth.com/
Prov-80,RoboSoccer,Technology & Analytics,Germany,info@robosoccer.com,+49 30 555 7890,"Bundesliga teams, AI football research",https://www.robosoccer.com/
Prov-81,World Freestyle Football Association,Fan Engagement & Entertainment,International,contact@thewffa.com,+44 161 555 2345,"Red Bull, freestyle football communities",https://www.thewffa.com/
Prov-82,Eleven Sports Media,Fan Engagement & Entertainment,United Kingdom,info@elevensportsmedia.com,+44 20 5556 7890,"Premier League, La Liga clubs",https://www.elevensportsmedia.com/
Prov-83,True Sport,Charity & Community Programs,Canada,info@truesport.ca,+1 613 555 7890,"Canadian Soccer Association, youth programs",https://www.truesport.ca/
Prov-84,SoccerSmart,Technology & Analytics,United Kingdom,info@soccersmart.net,+44 207 555 6789,"Professional clubs, data analysis companies",https://www.soccersmart.net/
Prov-85,All In Sport,Event Organizers,United Kingdom,info@allinsport.com,+44 161 555 2345,"UEFA, Premier League clubs",https://www.allinsport.com/
Prov-86,Toca Football,Soccer Facilities,United States,info@tocafootball.com,+1 949 555 6789,"MLS academies, youth soccer programs",https://www.tocafootball.com/
Prov-87,Soccer Schools International,Soccer Facilities,International,info@soccerschoolsinternational.com,+34 93 555 7890,"Real Madrid, FC Barcelona, PSG academies",https://www.soccerschoolsinternational.com/
Prov-88,Soccer Assist,Event Organizers,United Kingdom,info@soccer-assist.co.uk,+44 203 555 6789,University soccer scholarship programs,https://www.soccer-assist.co.uk/
Prov-89,Football For Peace,Charity & Community Programs,United Kingdom,info@footballforpeaceglobal.org,+44 161 555 7890,"FIFA Foundation, United Nations",https://www.footballforpeaceglobal.org/
Prov-90,Zebra Technologies Sports Solutions,Technology & Analytics,United States,sports@zebra.com,+1 847 555 1234,"NFL, MLS, sports tracking systems",https://www.zebra.com/
Prov-91,SMP Images,Fan Engagement & Entertainment,Australia,info@smpimages.com,+61 2 5556 7890,"A-League, Football Australia",https://www.smpimages.com/
Prov-92,Sporting ID,Fan Engagement & Entertainment,United Kingdom,info@sporting-id.com,+44 207 555 6789,"Premier League, Serie A, Bundesliga",https://www.sporting-id.com/
Prov-93,iSportConnect,Fan Engagement & Entertainment,International,contact@isportconnect.com,+44 203 555 7890,"UEFA, sports business networking",https://www.isportconnect.com/
Prov-94,Footlab,Technology & Analytics,Portugal,info@footlab.com,+351 21 555 6789,"Sporting CP, football performance centers",https://www.footlab.com/
Prov-95,Playermatch,Technology & Analytics,United Kingdom,info@playermatch.com,+44 161 555 2345,Amateur & professional scouting networks,https://www.playermatch.com/
Prov-96,FIFPro Academy,Soccer Facilities,International,info@fifproacademy.org,+31 23 554 6789,"FIFA, national football associations",https://www.fifproacademy.org/
Prov-97,Pro Football Support,Sports Medicine & Rehabilitation,United Kingdom,info@profootballsupport.com,+44 20 5556 7890,"Premier League clubs, FA partnerships",https://www.profootballsupport.com/
Prov-98,SportsMed Africa,Sports Medicine & Rehabilitation,South Africa,info@sportsmedafrica.com,+27 11 555 6789,South African Premier Soccer League,https://www.sportsmedafrica.com/
Prov-99,Football Tours UK,Event Organizers,United Kingdom,info@footballtoursuk.com,+44 161 789 3456,"Football academies, grassroots teams",https://www.footballtoursuk.com/
Prov-100,Soccer Mindset Academy,Fan Engagement & Entertainment,United States,info@soccermindsetacademy.com,+1 212 555 6789,MLS youth academies,https://www.soccermindsetacademy.com/
Prov-101,iAnalyze Soccer,Technology & Analytics,Spain,info@ianalyzesoccer.com,+34 91 555 6789,"LaLiga teams, youth academies",https://www.ianalyzesoccer.com/
Prov-102,Soccer Performance Lab,Technology & Analytics,United States,info@soccerperformancelab.com,+1 310 555 7890,"NCAA teams, private trainers",https://www.soccerperformancelab.com/
Prov-103,Football Innovation Summit,Event Organizers,United Kingdom,info@footballinnovationsummit.com,+44 203 555 7890,"UEFA, Premier League clubs",https://www.footballinnovationsummit.com/
Prov-104,Playermetrics,Technology & Analytics,International,info@playermetrics.com,+44 161 555 2345,Professional scouting networks,https://www.playermetrics.com/
Prov-105,Global Soccer Clinics,Soccer Facilities,Canada,info@globalsoccerclinics.com,+1 416 555 7890,Canadian Soccer Association,https://www.globalsoccerclinics.com/
Prov-106,Soccer Science Ltd,Technology & Analytics,United Kingdom,info@soccerscience.co.uk,+44 203 555 9876,"Premier League clubs, UEFA research",https://www.soccerscience.co.uk/
Prov-107,Pro Scout International,Technology & Analytics,International,contact@proscoutint.com,+44 161 555 8765,Various professional scouting networks,https://www.proscoutinternational.com/
Prov-108,Elite Player Performance,Soccer Facilities,United States,info@eliteplayerperformance.com,+1 310 555 8765,"MLS youth academies, NCAA programs",https://www.eliteplayerperformance.com/
Prov-109,World Soccer Schools,Soccer Facilities,International,info@worldsoccerschools.com,+34 91 555 8765,"LaLiga clubs, international youth programs",https://www.worldsoccerschools.com/
Prov-110,Soccer Education Hub,Fan Engagement & Entertainment,United Kingdom,support@soccereducationhub.com,+44 203 555 7654,"Football coaching institutions, grassroots clubs",https://www.soccereducationhub.com/
Prov-111,NextGen Football Academy,Soccer Facilities,United States,info@nextgenfootballacademy.com,+1 212 555 7654,Elite youth development programs,https://www.nextgenfootballacademy.com/
Prov-112,Football Media Network,Fan Engagement & Entertainment,International,info@footballmedianetwork.com,+44 161 555 6543,"Sports broadcasters, social media influencers",https://www.footballmedianetwork.com/
Prov-113,FIFA Training Centre,Soccer Facilities,International,info@fifatrainingcentre.com,+41 22 555 6543,"FIFA, national football federations",https://www.fifatrainingcentre.com/
Prov-114,Sports Health Institute,Sports Medicine & Rehabilitation,United States,info@sportshealthinstitute.com,+1 305 555 5432,"Professional sports leagues, medical researchers",https://www.sportshealthinstitute.com/
Prov-115,Global Soccer Business Forum,Event Organizers,International,info@globalsoccerbusinessforum.com,+44 203 555 5432,"UEFA, FIFA, industry professionals",https://www.globalsoccerbusinessforum.com/
Prov-116,Advanced Football Analytics,Technology & Analytics,United States,info@advancedfootballanalytics.com,+1 202 555 6789,"NFL, NCAA football teams",https://www.advancedfootballanalytics.com/
Prov-117,SoccerHub,Fan Engagement & Entertainment,International,info@soccerhub.com,+44 203 555 9876,"Football coaching organizations, youth academies",https://www.soccerhub.com/
Prov-118,Elite Soccer Conditioning,Sports Medicine & Rehabilitation,United Kingdom,info@elitesoccerconditioning.com,+44 161 555 8765,"Premier League academies, professional teams",https://www.elitesoccerconditioning.com/
Prov-119,Total Football Coaching,Soccer Facilities,Netherlands,info@totalfootballcoaching.nl,+31 20 555 8765,"Dutch FA, European clubs",https://www.totalfootballcoaching.nl/
Prov-120,Soccer IQ Lab,Technology & Analytics,International,info@socceriqlab.com,+44 203 555 7654,"Football federations, sports psychology institutes",https://www.socceriqlab.com/
Prov-121,Global Soccer Leadership Summit,Event Organizers,International,info@globalsoccerleadership.com,+44 161 555 7654,"UEFA, FIFA, sports business executives",https://www.globalsoccerleadership.com/
Prov-122,Football Bootcamp Academy,Soccer Facilities,United States,info@footballbootcampacademy.com,+1 310 555 6543,"MLS, NCAA programs",https://www.footballbootcampacademy.com/
Prov-123,The Football Analytics Company,Technology & Analytics,Spain,info@footballanalyticsco.com,+34 91 555 6543,"LaLiga, club data analysis departments",https://www.footballanalyticsco.com/
Prov-124,Youth Soccer Network,Fan Engagement & Entertainment,International,info@youthsoccernetwork.com,+44 203 555 5432,"Grassroots soccer leagues, development programs",https://www.youthsoccernetwork.com/
Prov-125,Matchday Medicine,Sports Medicine & Rehabilitation,United States,info@matchdaymedicine.com,+1 305 555 5432,"Professional soccer teams, medical research institutions",https://www.matchdaymedicine.com/
Prov-126,Football Data Pros,Technology & Analytics,United Kingdom,info@footballdatapros.com,+44 203 555 8765,"Premier League clubs, data science firms",https://www.footballdatapros.com/
Prov-127,High-Performance Soccer Lab,Sports Medicine & Rehabilitation,United States,info@hpsoccerlab.com,+1 310 555 7654,"MLS teams, NCAA sports programs",https://www.hpsoccerlab.com/
Prov-128,World Football Business Congress,Event Organizers,International,info@wfbc.org,+44 203 555 6543,"UEFA, FIFA, global sports executives",https://www.wfbc.org/
Prov-129,Soccer Wellness Institute,Sports Medicine & Rehabilitation,Australia,info@soccerwellness.com.au,+61 2 5556 7654,"A-League clubs, FIFA medical programs",https://www.soccerwellness.com.au/
Prov-130,Elite Football Network,Fan Engagement & Entertainment,International,info@elitefootballnetwork.com,+44 203 555 5432,"Football influencers, digital media platforms",https://www.elitefootballnetwork.com/
Prov-131,Sports Tech Innovations,Technology & Analytics,United States,info@sportstechinnovations.com,+1 305 555 5432,"MLS, sports research labs",https://www.sportstechinnovations.com/
Prov-132,Soccer Performance Institute,Soccer Facilities,Canada,info@soccerperformanceinstitute.com,+1 416 555 4321,"Canadian Soccer Association, youth academies",https://www.soccerperformanceinstitute.com/
Prov-133,Soccer Community Foundation,Charity & Community Programs,International,info@soccercommunityfoundation.org,+44 161 555 4321,"FIFA Foundation, local community leagues",https://www.soccercommunityfoundation.org/
Prov-134,Next Level Soccer Academy,Soccer Facilities,United States,info@nextlevelsocceracademy.com,+1 212 555 3210,"MLS Next, college recruiting programs",https://www.nextlevelsocceracademy.com/
Prov-135,Football VR Training,Technology & Analytics,International,info@footballvrtraining.com,+44 203 555 3210,"VR sports technology firms, pro clubs",https://www.footballvrtraining.com/
Prov-136,Soccer Analytics Hub,Technology & Analytics,United Kingdom,info@socceranalyticshub.com,+44 203 555 8765,"Premier League clubs, data science firms",https://www.socceranalyticshub.com/
Prov-137,Pro Football Rehab Center,Sports Medicine & Rehabilitation,United States,info@profootballrehab.com,+1 310 555 7654,"NFL, MLS teams",https://www.profootballrehab.com/
Prov-138,Global Soccer Symposium,Event Organizers,International,info@globalsoccersymposium.com,+44 203 555 6543,"UEFA, FIFA, global sports executives",https://www.globalsoccersymposium.com/
Prov-139,Soccer Recovery Lab,Sports Medicine & Rehabilitation,Australia,info@soccerrecoverylab.com.au,+61 2 5556 7654,"A-League clubs, FIFA medical programs",https://www.soccerrecoverylab.com.au/
Prov-140,Soccer Fan Connect,Fan Engagement & Entertainment,International,info@soccerfanconnect.com,+44 203 555 5432,"Football influencers, digital media platforms",https://www.soccerfanconnect.com/
Prov-141,Sports Tech Solutions,Technology & Analytics,United States,info@sportstechsolutions.com,+1 305 555 5432,"MLS, sports research labs",https://www.sportstechsolutions.com/
Prov-142,Soccer Excellence Academy,Soccer Facilities,Canada,info@soccerexcellenceacademy.com,+1 416 555 4321,"Canadian Soccer Association, youth academies",https://www.soccerexcellenceacademy.com/
Prov-143,Football for Change Foundation,Charity & Community Programs,International,info@footballforchange.org,+44 161 555 4321,"FIFA Foundation, local community leagues",https://www.footballforchange.org/
Prov-144,Rising Stars Soccer Academy,Soccer Facilities,United States,info@risingsstarssocceracademy.com,+1 212 555 3210,"MLS Next, college recruiting programs",https://www.risingstarssocceracademy.com/
Prov-145,Virtual Soccer Coach,Technology & Analytics,International,info@virtualsoccercoach.com,+44 203 555 3210,"AI sports technology firms, pro clubs",https://www.virtualsoccercoach.com/
Prov-146,Football Metrics Lab,Technology & Analytics,United Kingdom,info@footballmetricslab.com,+44 203 555 9876,"Premier League clubs, data analytics firms",https://www.footballmetricslab.com/
Prov-147,Elite Soccer Physio,Sports Medicine & Rehabilitation,United States,info@elitesoccerphysio.com,+1 310 555 7654,"MLS teams, NCAA soccer programs",https://www.elitesoccerphysio.com/
Prov-148,International Soccer Expo,Event Organizers,International,info@internationalsoccerexpo.com,+44 203 555 6543,"UEFA, FIFA, global football executives",https://www.internationalsoccerexpo.com/
Prov-149,Soccer Injury Prevention Hub,Sports Medicine & Rehabilitation,Australia,info@soccerinjuryprevention.com.au,+61 2 5556 7654,"A-League clubs, FIFA medical teams",https://www.soccerinjuryprevention.com.au/
Prov-150,FanSoccer,Fan Engagement & Entertainment,International,info@fansoccer.com,+44 203 555 5432,"Football fan communities, digital platforms",https://www.fansoccer.com/
Prov-151,Smart Soccer Analytics,Technology & Analytics,United States,info@smartsocceranalytics.com,+1 305 555 5432,"MLS, data-driven scouting agencies",https://www.smartsocceranalytics.com/
Prov-152,Pro Soccer Training Center,Soccer Facilities,Canada,info@prosoccertrainingcenter.com,+1 416 555 4321,"Canadian Soccer Association, youth academies",https://www.prosoccertrainingcenter.com/
Prov-153,Kickstart Football Foundation,Charity & Community Programs,International,info@kickstartfootballfoundation.org,+44 161 555 4321,"FIFA Foundation, grassroots initiatives",https://www.kickstartfootballfoundation.org/
Prov-154,Total Soccer Development Academy,Soccer Facilities,United States,info@totalsoccerdevelopment.com,+1 212 555 3210,"MLS Next, elite soccer development programs",https://www.totalsoccerdevelopment.com/
Prov-155,AI Soccer Coach,Technology & Analytics,International,info@aisoccercoach.com,+44 203 555 3210,"Artificial intelligence in football training, pro clubs",https://www.aisoccercoach.com/
Prov-156,NextGen Soccer Data,Technology & Analytics,United Kingdom,info@nextgensoccerdata.com,+44 203 555 8765,"Premier League clubs, European scouting agencies",https://www.nextgensoccerdata.com/
Prov-157,Peak Performance Soccer Clinic,Sports Medicine & Rehabilitation,United States,info@ppsoccerclinic.com,+1 310 555 7654,"MLS teams, collegiate soccer programs",https://www.ppsoccerclinic.com/
Prov-158,The Global Football Forum,Event Organizers,International,info@globalfootballforum.com,+44 203 555 6543,"UEFA, FIFA, leading football executives",https://www.globalfootballforum.com/
Prov-159,Advanced Soccer Recovery,Sports Medicine & Rehabilitation,Australia,info@advancedsoccerrecovery.com.au,+61 2 5556 7654,"A-League clubs, FIFA rehabilitation programs",https://www.advancedsoccerrecovery.com.au/
Prov-160,The Soccer Hub Network,Fan Engagement & Entertainment,International,info@soccerhubnetwork.com,+44 203 555 5432,"Football fan communities, online sports platforms",https://www.soccerhubnetwork.com/
Prov-161,Tactical Football Analysis,Technology & Analytics,Spain,info@tacticalfootballanalysis.com,+34 91 555 5432,"LaLiga clubs, elite coaching institutions",https://www.tacticalfootballanalysis.com/
Prov-162,Premier Soccer Training Facility,Soccer Facilities,Canada,info@premiersoccertraining.com,+1 416 555 4321,"Canadian Soccer Association, elite youth programs",https://www.premiersoccertraining.com/
Prov-163,Soccer for Good Foundation,Charity & Community Programs,International,info@soccerforgood.org,+44 161 555 4321,"FIFA Foundation, grassroots development leagues",https://www.soccerforgood.org/
Prov-164,Elite Soccer Academy,Soccer Facilities,United States,info@elitesocceracademy.com,+1 212 555 3210,"MLS Next, professional soccer training programs",https://www.elitesocceracademy.com/
Prov-165,AI Tactical Soccer Coach,Technology & Analytics,International,info@aitacticalsoccer.com,+44 203 555 3210,"AI-driven sports coaching platforms, professional teams",https://www.aitacticalsoccer.com/
Prov-166,Precision Soccer Analytics,Technology & Analytics,United Kingdom,info@precisionsocceranalytics.com,+44 203 555 8765,"Premier League clubs, sports data firms",https://www.precisionsocceranalytics.com/
Prov-167,Soccer Recovery Clinic,Sports Medicine & Rehabilitation,United States,info@soccerrecoveryclinic.com,+1 310 555 7654,"MLS teams, USL medical teams",https://www.soccerrecoveryclinic.com/
Prov-168,The Soccer Business Summit,Event Organizers,International,info@soccerbusinesssummit.com,+44 203 555 6543,"UEFA, FIFA, football business leaders",https://www.soccerbusinesssummit.com/
Prov-169,Pro Soccer Rehab Center,Sports Medicine & Rehabilitation,Australia,info@prosoccerrehab.com.au,+61 2 5556 7654,"A-League teams, FIFA medical associations",https://www.prosoccerrehab.com.au/
Prov-170,The Fan Soccer Network,Fan Engagement & Entertainment,International,info@fansoccernetwork.com,+44 203 555 5432,"Football influencers, online streaming platforms",https://www.fansoccernetwork.com/
Prov-171,Tactical Insight Football,Technology & Analytics,Spain,info@tacticalinsightfootball.com,+34 91 555 5432,"LaLiga clubs, tactical coaching specialists",https://www.tacticalinsightfootball.com/
Prov-172,High-Performance Soccer Academy,Soccer Facilities,Canada,info@hpsocceracademy.com,+1 416 555 4321,"Canadian Premier League, youth soccer training",https://www.hpsocceracademy.com/
Prov-173,Play for Change Foundation,Charity & Community Programs,International,info@playforchange.org,+44 161 555 4321,"FIFA Foundation, youth football projects",https://www.playforchange.org/
Prov-174,MasterClass Soccer Training,Soccer Facilities,United States,info@masterclasssoccertraining.com,+1 212 555 3210,"MLS Next, elite soccer development programs",https://www.masterclasssoccertraining.com/
Prov-175,Smart Soccer Coaching AI,Technology & Analytics,International,info@smartsoccercoachingai.com,+44 203 555 3210,"AI-driven soccer coaching solutions, pro clubs",https://www.smartsoccercoachingai.com/
Prov-176,ProVision Soccer Analytics,Technology & Analytics,United Kingdom,info@provisionsoccer.com,+44 203 555 8765,"Premier League clubs, international scouting firms",https://www.provisionsoccer.com/
Prov-177,Elite Soccer Therapy,Sports Medicine & Rehabilitation,United States,info@elitesoccertherapy.com,+1 310 555 7654,"MLS teams, NCAA medical programs",https://www.elitesoccertherapy.com/
Prov-178,Global Soccer Summit,Event Organizers,International,info@globalsoccersummit.com,+44 203 555 6543,"UEFA, FIFA, international football executives",https://www.globalsoccersummit.com/
Prov-179,Total Soccer Rehab,Sports Medicine & Rehabilitation,Australia,info@totalsoccerrehab.com.au,+61 2 5556 7654,"A-League teams, FIFA medical associations",https://www.totalsoccerrehab.com.au/
Prov-180,SoccerFanzone,Fan Engagement & Entertainment,International,info@soccerfanzone.com,+44 203 555 5432,"Football influencers, streaming platforms",https://www.soccerfanzone.com/
Prov-181,Soccer IQ Metrics,Technology & Analytics,Spain,info@socceriqmetrics.com,+34 91 555 5432,"LaLiga clubs, tactical analysis specialists",https://www.socceriqmetrics.com/
Prov-182,High-Performance Football Academy,Soccer Facilities,Canada,info@hpfootballacademy.com,+1 416 555 4321,"Canadian Premier League, elite youth training",https://www.hpfootballacademy.com/
Prov-183,United Football Foundation,Charity & Community Programs,International,info@unitedfootballfoundation.org,+44 161 555 4321,"FIFA Foundation, community football initiatives",https://www.unitedfootballfoundation.org/
Prov-184,Soccer Pro Training Camp,Soccer Facilities,United States,info@soccerprotraining.com,+1 212 555 3210,"MLS Next, elite soccer training programs",https://www.soccerprotraining.com/
Prov-185,AI Soccer Insights,Technology & Analytics,International,info@aisoccerinsights.com,+44 203 555 3210,"AI-driven football analytics firms, professional teams",https://www.aisoccerinsights.com/
Prov-186,NextGen Soccer Insights,Technology & Analytics,United Kingdom,info@nextgensoccerinsights.com,+44 203 555 8765,"Premier League clubs, European scouting agencies",https://www.nextgensoccerinsights.com/
Prov-187,Elite Football Recovery,Sports Medicine & Rehabilitation,United States,info@elitefootballrecovery.com,+1 310 555 7654,"MLS teams, collegiate soccer programs",https://www.elitefootballrecovery.com/
Prov-188,The Global Soccer Expo,Event Organizers,International,info@globalsoccerexpo.com,+44 203 555 6543,"UEFA, FIFA, leading football executives",https://www.globalsoccerexpo.com/
Prov-189,Advanced Soccer Therapy,Sports Medicine & Rehabilitation,Australia,info@advancedsoccertherapy.com.au,+61 2 5556 7654,"A-League clubs, FIFA rehabilitation programs",https://www.advancedsoccertherapy.com.au/
Prov-190,The Ultimate Fan Soccer Hub,Fan Engagement & Entertainment,International,info@ultimatefansoccerhub.com,+44 203 555 5432,"Football fan communities, online sports platforms",https://www.ultimatefansoccerhub.com/
Prov-191,Tactical Football Vision,Technology & Analytics,Spain,info@tacticalfootballvision.com,+34 91 555 5432,"LaLiga clubs, elite coaching institutions",https://www.tacticalfootballvision.com/
Prov-192,Premier League Soccer Academy,Soccer Facilities,Canada,info@plsocceracademy.com,+1 416 555 4321,"Canadian Soccer Association, youth soccer training",https://www.plsocceracademy.com/
Prov-193,Football for Future Foundation,Charity & Community Programs,International,info@footballforfuture.org,+44 161 555 4321,"FIFA Foundation, grassroots development leagues",https://www.footballforfuture.org/
Prov-194,Elite Soccer Performance Camp,Soccer Facilities,United States,info@elitesoccerperformance.com,+1 212 555 3210,"MLS Next, elite soccer development programs",https://www.elitesoccerperformance.com/
Prov-195,AI-Powered Soccer Analytics,Technology & Analytics,International,info@aipoweredsoccer.com,+44 203 555 3210,"AI-driven sports analytics firms, professional teams",https://www.aipoweredsoccer.com/
Prov-196,Precision Football Data,Technology & Analytics,United Kingdom,info@precisionfootballdata.com,+44 203 555 8765,"Premier League clubs, sports data firms",https://www.precisionfootballdata.com/
Prov-197,Pro Soccer Injury Rehab,Sports Medicine & Rehabilitation,United States,info@prosoccerinjuryrehab.com,+1 310 555 7654,"MLS teams, NCAA sports programs",https://www.prosoccerinjuryrehab.com/
Prov-198,World Football Business Forum,Event Organizers,International,info@worldfootballforum.com,+44 203 555 6543,"UEFA, FIFA, global sports executives",https://www.worldfootballforum.com/
Prov-199,Soccer Health & Performance Institute,Sports Medicine & Rehabilitation,Australia,info@soccerhealthperformance.com.au,+61 2 5556 7654,"A-League clubs, FIFA medical programs",https://www.soccerhealthperformance.com.au/
Prov-200,Soccer Media Network,Fan Engagement & Entertainment,International,info@soccermedianetwork.com,+44 203 555 5432,"Football media houses, content creators",https://www.soccermedianetwork.com/
Prov-201,Tactical Genius Soccer Analysis,Technology & Analytics,Spain,info@tacticalgeniussoccer.com,+34 91 555 5432,"LaLiga clubs, advanced tactical coaching",https://www.tacticalgeniussoccer.com/
Prov-202,High-Performance Soccer Camp,Soccer Facilities,Canada,info@hpsoccercamp.com,+1 416 555 4321,"Canadian Premier League, youth soccer development",https://www.hpsoccercamp.com/
Prov-203,Kickoff for Kids Foundation,Charity & Community Programs,International,info@kickoffkids.org,+44 161 555 4321,"FIFA Foundation, grassroots football projects",https://www.kickoffkids.org/
Prov-204,Elite Soccer Development Program,Soccer Facilities,United States,info@elitesoccerdevelopment.com,+1 212 555 3210,"MLS Next, elite soccer training initiatives",https://www.elitesoccerdevelopment.com/
Prov-205,AI Soccer Tactics Lab,Technology & Analytics,International,info@aisoccertactics.com,+44 203 555 3210,"AI-driven football analytics firms, professional teams",https://www.aisoccertactics.com/
Prov-206,Soccer Data Lab,Technology & Analytics,United Kingdom,info@soccerdatalab.com,+44 203 555 8765,"Premier League clubs, football analytics firms",https://www.soccerdatalab.com/
Prov-207,Pro Soccer Wellness,Sports Medicine & Rehabilitation,United States,info@prosoccerwellness.com,+1 310 555 7654,"MLS teams, NCAA athletic programs",https://www.prosoccerwellness.com/
Prov-208,International Football Congress,Event Organizers,International,info@internationalfootballcongress.com,+44 203 555 6543,"UEFA, FIFA, global football organizations",https://www.internationalfootballcongress.com/
Prov-209,Elite Football Therapy,Sports Medicine & Rehabilitation,Australia,info@elitefootballtherapy.com.au,+61 2 5556 7654,"A-League clubs, FIFA sports medicine programs",https://www.elitefootballtherapy.com.au/
Prov-210,Soccer Pulse,Fan Engagement & Entertainment,International,info@soccerpulse.com,+44 203 555 5432,"Football social media platforms, digital engagement",https://www.soccerpulse.com/
Prov-211,Tactical Edge Football,Technology & Analytics,Spain,info@tacticaledgefootball.com,+34 91 555 5432,"LaLiga clubs, match analysis experts",https://www.tacticaledgefootball.com/
Prov-212,Premier Soccer Training Hub,Soccer Facilities,Canada,info@premiersoccertraininghub.com,+1 416 555 4321,"Canadian Soccer Association, youth development programs",https://www.premiersoccertraininghub.com/
Prov-213,Hope Through Football Foundation,Charity & Community Programs,International,info@hopethroughfootball.org,+44 161 555 4321,"FIFA Foundation, underprivileged youth programs",https://www.hopethroughfootball.org/
Prov-214,Advanced Soccer Training Academy,Soccer Facilities,United States,info@advancedsoccertraining.com,+1 212 555 3210,"MLS Next, elite soccer training camps",https://www.advancedsoccertraining.com/
Prov-215,AI Football Performance Lab,Technology & Analytics,International,info@aifootballperformance.com,+44 203 555 3210,"AI-driven football analytics firms, elite clubs",https://www.aifootballperformance.com/
Prov-216,Football Vision Analytics,Technology & Analytics,United Kingdom,info@footballvisionanalytics.com,+44 203 555 8765,"Premier League clubs, European scouting firms",https://www.footballvisionanalytics.com/
Prov-217,Total Recovery Soccer Clinic,Sports Medicine & Rehabilitation,United States,info@totalrecoverysoccer.com,+1 310 555 7654,"MLS teams, NCAA soccer programs",https://www.totalrecoverysoccer.com/
Prov-218,The Global Football Convention,Event Organizers,International,info@globalfootballconvention.com,+44 203 555 6543,"UEFA, FIFA, international football executives",https://www.globalfootballconvention.com/
Prov-219,Advanced Soccer Rehab,Sports Medicine & Rehabilitation,Australia,info@advancedsoccerrehab.com.au,+61 2 5556 7654,"A-League clubs, FIFA medical programs",https://www.advancedsoccerrehab.com.au/
Prov-220,Fanatic Soccer Community,Fan Engagement & Entertainment,International,info@fanaticsoccer.com,+44 203 555 5432,"Football influencers, online sports networks",https://www.fanaticsoccer.com/
Prov-221,Tactical Football Intelligence,Technology & Analytics,Spain,info@tacticalfootballintelligence.com,+34 91 555 5432,"LaLiga clubs, tactical coaching specialists",https://www.tacticalfootballintelligence.com/
Prov-222,Elite Soccer Training Hub,Soccer Facilities,Canada,info@elitesoccertraininghub.com,+1 416 555 4321,"Canadian Soccer Association, professional academies",https://www.elitesoccertraininghub.com/
Prov-223,Football For All Foundation,Charity & Community Programs,International,info@footballforall.org,+44 161 555 4321,"FIFA Foundation, grassroots football programs",https://www.footballforall.org/
Prov-224,Master Football Training Academy,Soccer Facilities,United States,info@masterfootballacademy.com,+1 212 555 3210,"MLS Next, elite soccer development programs",https://www.masterfootballacademy.com/
Prov-225,AI-Driven Soccer Performance,Technology & Analytics,International,info@aisoccerperformance.com,+44 203 555 3210,"AI-based analytics firms, professional clubs",https://www.aisoccerperformance.com/
Prov-226,Soccer Analytics Pro,Technology & Analytics,United Kingdom,info@socceranalyticspro.com,+44 203 555 8765,"Premier League clubs, European data analysts",https://www.socceranalyticspro.com/
Prov-227,Pro Soccer Injury Center,Sports Medicine & Rehabilitation,United States,info@prosoccerinjurycenter.com,+1 310 555 7654,"MLS teams, NCAA soccer programs",https://www.prosoccerinjurycenter.com/
Prov-228,The International Soccer Summit,Event Organizers,International,info@internationalsoccersummit.com,+44 203 555 6543,"UEFA, FIFA, global soccer executives",https://www.internationalsoccersummit.com/
Prov-229,Soccer Recovery Pro,Sports Medicine & Rehabilitation,Australia,info@soccerrecoverypro.com.au,+61 2 5556 7654,"A-League clubs, FIFA medical teams",https://www.soccerrecoverypro.com.au/
Prov-230,Football Fans United,Fan Engagement & Entertainment,International,info@footballfansunited.com,+44 203 555 5432,"Football influencers, online soccer forums",https://www.footballfansunited.com/
Prov-231,Advanced Tactical Soccer Analysis,Technology & Analytics,Spain,info@advancedtacticalsoccer.com,+34 91 555 5432,"LaLiga clubs, professional coaching staff",https://www.advancedtacticalsoccer.com/
Prov-232,High-Performance Soccer Academy,Soccer Facilities,Canada,info@highperformancesocceracademy.com,+1 416 555 4321,"Canadian Soccer Association, elite youth training",https://www.highperformancesocceracademy.com/
Prov-233,Soccer For Change Foundation,Charity & Community Programs,International,info@soccerforchange.org,+44 161 555 4321,"FIFA Foundation, community football programs",https://www.soccerforchange.org/
Prov-234,Next Level Soccer Training,Soccer Facilities,United States,info@nextlevelsoccertraining.com,+1 212 555 3210,"MLS Next, professional soccer development programs",https://www.nextlevelsoccertraining.com/
Prov-235,AI Soccer Coaching Hub,Technology & Analytics,International,info@aisoccercoachinghub.com,+44 203 555 3210,"AI-powered soccer analytics firms, elite clubs",https://www.aisoccercoachinghub.com/
Prov-236,Elite Soccer Data Solutions,Technology & Analytics,United Kingdom,info@elitesoccerdata.com,+44 203 555 8765,"Premier League clubs, sports analytics firms",https://www.elitesoccerdata.com/
Prov-237,Pro Football Injury Clinic,Sports Medicine & Rehabilitation,United States,info@profootballinjuryclinic.com,+1 310 555 7654,"MLS teams, collegiate soccer programs",https://www.profootballinjuryclinic.com/
Prov-238,World Football Leaders Conference,Event Organizers,International,info@worldfootballleaders.com,+44 203 555 6543,"UEFA, FIFA, leading football executives",https://www.worldfootballleaders.com/
Prov-239,Total Recovery Soccer Therapy,Sports Medicine & Rehabilitation,Australia,info@totalrecoverysoccer.com.au,+61 2 5556 7654,"A-League clubs, FIFA rehabilitation programs",https://www.totalrecoverysoccer.com.au/
Prov-240,Soccer Vibe Network,Fan Engagement & Entertainment,International,info@soccervibenetwork.com,+44 203 555 5432,"Football influencers, social media platforms",https://www.soccervibenetwork.com/
Prov-241,Football Tactical Intelligence,Technology & Analytics,Spain,info@footballtacticalintelligence.com,+34 91 555 5432,"LaLiga clubs, elite coaching institutions",https://www.footballtacticalintelligence.com/
Prov-242,Pro Soccer Academy Canada,Soccer Facilities,Canada,info@prosocceracademycanada.com,+1 416 555 4321,"Canadian Soccer Association, youth soccer programs",https://www.prosocceracademycanada.com/
Prov-243,Kicking for a Cause Foundation,Charity & Community Programs,International,info@kickingforacause.org,+44 161 555 4321,"FIFA Foundation, community football programs",https://www.kickingforacause.org/
Prov-244,Ultimate Soccer Development Academy,Soccer Facilities,United States,info@ultimatesoccerdevelopment.com,+1 212 555 3210,"MLS Next, elite soccer training programs",https://www.ultimatesoccerdevelopment.com/
Prov-245,AI-Driven Football Training,Technology & Analytics,International,info@aifootballtraining.com,+44 203 555 3210,"AI-driven training platforms, professional clubs",https://www.aifootballtraining.com/
Prov-246,Soccer Insight Analytics,Technology & Analytics,United Kingdom,info@soccerinsightanalytics.com,+44 203 555 8765,"Premier League clubs, data analysis firms",https://www.soccerinsightanalytics.com/
Prov-247,Pro Soccer Rehabilitation Center,Sports Medicine & Rehabilitation,United States,info@prosoccerrehabcenter.com,+1 310 555 7654,"MLS teams, NCAA sports medicine",https://www.prosoccerrehabcenter.com/
Prov-248,Football World Summit,Event Organizers,International,info@footballworldsummit.com,+44 203 555 6543,"UEFA, FIFA, top football executives",https://www.footballworldsummit.com/
Prov-249,Total Football Physio,Sports Medicine & Rehabilitation,Australia,info@totalfootballphysio.com.au,+61 2 5556 7654,"A-League clubs, FIFA recovery programs",https://www.totalfootballphysio.com.au/
Prov-250,Soccer Fan Hub,Fan Engagement & Entertainment,International,info@soccerfanhub.com,+44 203 555 5432,"Football fan communities, media outlets",https://www.soccerfanhub.com/
Prov-251,Tactical Football AI,Technology & Analytics,Spain,info@tacticalfootballai.com,+34 91 555 5432,"LaLiga clubs, AI-driven coaching tools",https://www.tacticalfootballai.com/
Prov-252,NextGen Soccer Academy,Soccer Facilities,Canada,info@nextgensocceracademy.com,+1 416 555 4321,"Canadian Soccer Association, youth academies",https://www.nextgensocceracademy.com/
Prov-253,Goals for All Foundation,Charity & Community Programs,International,info@goalsforall.org,+44 161 555 4321,"FIFA Foundation, grassroots football projects",https://www.goalsforall.org/
Prov-254,Premier Soccer Development Camp,Soccer Facilities,United States,info@premiersoccerdevelopment.com,+1 212 555 3210,"MLS Next, professional soccer training programs",https://www.premiersoccerdevelopment.com/
Prov-255,AI Soccer Strategy Lab,Technology & Analytics,International,info@aisoccerstrategy.com,+44 203 555 3210,"AI-powered soccer strategy firms, elite clubs",https://www.aisoccerstrategy.com/
Prov-256,Pro Soccer Data Hub,Technology & Analytics,United Kingdom,info@prosoccerdatahub.com,+44 203 555 8765,"Premier League clubs, scouting agencies",https://www.prosoccerdatahub.com/
Prov-257,Elite Football Injury Center,Sports Medicine & Rehabilitation,United States,info@elitefootballinjurycenter.com,+1 310 555 7654,"MLS teams, college sports programs",https://www.elitefootballinjurycenter.com/
Prov-258,The Soccer Leaders Summit,Event Organizers,International,info@soccerleaderssummit.com,+44 203 555 6543,"UEFA, FIFA, sports executives",https://www.soccerleaderssummit.com/
Prov-259,Advanced Football Therapy,Sports Medicine & Rehabilitation,Australia,info@advancedfootballtherapy.com.au,+61 2 5556 7654,"A-League clubs, FIFA rehab programs",https://www.advancedfootballtherapy.com.au/
Prov-260,Soccer Fan World,Fan Engagement & Entertainment,International,info@soccerfanworld.com,+44 203 555 5432,"Football influencers, digital sports media",https://www.soccerfanworld.com/
Prov-261,Football Tactical Mastery,Technology & Analytics,Spain,info@footballtacticalmastery.com,+34 91 555 5432,"LaLiga clubs, football coaching institutions",https://www.footballtacticalmastery.com/
Prov-262,Premier Football Academy Canada,Soccer Facilities,Canada,info@premierfootballacademycanada.com,+1 416 555 4321,"Canadian Soccer Association, youth training programs",https://www.premierfootballacademycanada.com/
Prov-263,Kick It Forward Foundation,Charity & Community Programs,International,info@kickitforward.org,+44 161 555 4321,"FIFA Foundation, youth soccer development",https://www.kickitforward.org/
Prov-264,Soccer Champions Training Camp,Soccer Facilities,United States,info@soccerchampionscamp.com,+1 212 555 3210,"MLS Next, professional soccer academies",https://www.soccerchampionscamp.com/
Prov-265,AI Soccer Playbook,Technology & Analytics,International,info@aisoccerplaybook.com,+44 203 555 3210,"AI-driven soccer analytics firms, elite teams",https://www.aisoccerplaybook.com/
Prov-266,Soccer Intelligence Hub,Technology & Analytics,United Kingdom,info@soccerintelligencehub.com,+44 203 555 8765,"Premier League clubs, tactical analysts",https://www.soccerintelligencehub.com/
Prov-267,Total Football Recovery Center,Sports Medicine & Rehabilitation,United States,info@totalfootballrecovery.com,+1 310 555 7654,"MLS teams, collegiate sports programs",https://www.totalfootballrecovery.com/
Prov-268,The Global Soccer Innovation Summit,Event Organizers,International,info@globalsoccerinnovationsummit.com,+44 203 555 6543,"UEFA, FIFA, football executives",https://www.globalsoccerinnovationsummit.com/
Prov-269,Elite Soccer Injury Rehab,Sports Medicine & Rehabilitation,Australia,info@elitesoccerinjuryrehab.com.au,+61 2 5556 7654,"A-League clubs, FIFA rehabilitation programs",https://www.elitesoccerinjuryrehab.com.au/
Prov-270,Soccer Fan Nation,Fan Engagement & Entertainment,International,info@soccerfannation.com,+44 203 555 5432,"Football influencers, digital engagement platforms",https://www.soccerfannation.com/
Prov-271,Strategic Football Analysis,Technology & Analytics,Spain,info@strategicfootballanalysis.com,+34 91 555 5432,"LaLiga clubs, elite coaching programs",https://www.strategicfootballanalysis.com/
Prov-272,Next Level Soccer Academy,Soccer Facilities,Canada,info@nextlevelsocceracademy.com,+1 416 555 4321,"Canadian Soccer Association, youth academies",https://www.nextlevelsocceracademy.com/
Prov-273,Football for Youth Foundation,Charity & Community Programs,International,info@footballforyouth.org,+44 161 555 4321,"FIFA Foundation, grassroots soccer projects",https://www.footballforyouth.org/
Prov-274,Elite Football Training Camp,Soccer Facilities,United States,info@elitefootballtrainingcamp.com,+1 212 555 3210,"MLS Next, professional development programs",https://www.elitefootballtrainingcamp.com/
Prov-275,AI Football Tactics Lab,Technology & Analytics,International,info@aifootballtactics.com,+44 203 555 3210,"AI-powered football analytics firms, elite clubs",https://www.aifootballtactics.com/
Prov-276,Football Data Lab,Technology & Analytics,United Kingdom,info@footballdatalab.com,+44 203 555 8765,"Premier League clubs, scouting networks",https://www.footballdatalab.com/
Prov-277,Soccer Performance Recovery,Sports Medicine & Rehabilitation,United States,info@soccerperformancerecovery.com,+1 310 555 7654,"MLS teams, professional athletes",https://www.soccerperformancerecovery.com/
Prov-278,Global Soccer Business Conference,Event Organizers,International,info@globalsoccerbusiness.com,+44 203 555 6543,"UEFA, FIFA, top executives",https://www.globalsoccerbusiness.com/
Prov-279,Football Injury Specialists,Sports Medicine & Rehabilitation,Australia,info@footballinjuryspecialists.com.au,+61 2 5556 7654,"A-League clubs, FIFA recovery programs",https://www.footballinjuryspecialists.com.au/
Prov-280,Ultimate Soccer Fans,Fan Engagement & Entertainment,International,info@ultimatesoccerfans.com,+44 203 555 5432,"Football influencers, major media networks",https://www.ultimatesoccerfans.com/
Prov-281,Football Match Analysis Hub,Technology & Analytics,Spain,info@footballmatchanalysis.com,+34 91 555 5432,"LaLiga clubs, elite coaching programs",https://www.footballmatchanalysis.com/
Prov-282,Champion Soccer Academy,Soccer Facilities,Canada,info@championsocceracademy.com,+1 416 555 4321,"Canadian Soccer Association, elite youth teams",https://www.championsocceracademy.com/
Prov-283,Soccer Dreams Foundation,Charity & Community Programs,International,info@soccerdreamsfoundation.org,+44 161 555 4321,"FIFA Foundation, grassroots soccer development",https://www.soccerdreamsfoundation.org/
Prov-284,Elite Soccer Training Center,Soccer Facilities,United States,info@elitesoccertrainingcenter.com,+1 212 555 3210,"MLS Next, professional training facilities",https://www.elitesoccertrainingcenter.com/
Prov-285,AI Football Performance Hub,Technology & Analytics,International,info@aifootballperformance.com,+44 203 555 3210,"AI-powered analytics firms, elite soccer teams",https://www.aifootballperformance.com/
Prov-286,Pro Soccer Metrics,Technology & Analytics,United Kingdom,info@prosoccermetrics.com,+44 203 555 8765,"Premier League clubs, football analysts",https://www.prosoccermetrics.com/
Prov-287,Advanced Soccer Recovery,Sports Medicine & Rehabilitation,United States,info@advancedsoccerrecovery.com,+1 310 555 7654,"MLS teams, college soccer programs",https://www.advancedsoccerrecovery.com/
Prov-288,International Football Networking Conference,Event Organizers,International,info@ifnc.com,+44 203 555 6543,"UEFA, FIFA, global football executives",https://www.ifnc.com/
Prov-289,Soccer Therapy Solutions,Sports Medicine & Rehabilitation,Australia,info@soccertherapysolutions.com.au,+61 2 5556 7654,"A-League clubs, FIFA injury recovery programs",https://www.soccertherapysolutions.com.au/
Prov-290,The Fan Soccer Experience,Fan Engagement & Entertainment,International,info@fansoccerexperience.com,+44 203 555 5432,"Football influencers, media networks",https://www.fansoccerexperience.com/
Prov-291,Football Analytics Lab,Technology & Analytics,Spain,info@footballanalyticslab.com,+34 91 555 5432,"LaLiga clubs, performance analysts",https://www.footballanalyticslab.com/
Prov-292,National Soccer Academy,Soccer Facilities,Canada,info@nationalsocceracademy.com,+1 416 555 4321,"Canadian Soccer Association, youth training programs",https://www.nationalsocceracademy.com/
Prov-293,Goals United Foundation,Charity & Community Programs,International,info@goalsunitedfoundation.org,+44 161 555 4321,"FIFA Foundation, youth soccer programs",https://www.goalsunitedfoundation.org/
Prov-294,Soccer Pros Development Camp,Soccer Facilities,United States,info@soccerprosdevelopment.com,+1 212 555 3210,"MLS Next, professional soccer academies",https://www.soccerprosdevelopment.com/
Prov-295,AI Soccer Vision,Technology & Analytics,International,info@aisoccervision.com,+44 203 555 3210,"AI-powered analytics firms, elite football teams",https://www.aisoccervision.com/
Prov-296,Soccer Intelligence Pro,Technology & Analytics,United Kingdom,info@soccerintelligencepro.com,+44 203 555 8765,"Premier League clubs, football scouting networks",https://www.soccerintelligencepro.com/
Prov-297,Pro Soccer Wellness Center,Sports Medicine & Rehabilitation,United States,info@prosoccerwellness.com,+1 310 555 7654,"MLS teams, NCAA sports programs",https://www.prosoccerwellness.com/
Prov-298,World Football Expo,Event Organizers,International,info@worldfootballexpo.com,+44 203 555 6543,"UEFA, FIFA, global football professionals",https://www.worldfootballexpo.com/
Prov-299,Elite Soccer Physio,Sports Medicine & Rehabilitation,Australia,info@elitesoccerphysio.com.au,+61 2 5556 7654,"A-League clubs, FIFA recovery programs",https://www.elitesoccerphysio.com.au/
Prov-300,Soccer Fanatics Community,Fan Engagement & Entertainment,International,info@soccerfanatics.com,+44 203 555 5432,"Football fan communities, sports streaming platforms",https://www.soccerfanatics.com/
Prov-301,Tactical Soccer AI,Technology & Analytics,Spain,info@tacticalsoccerai.com,+34 91 555 5432,"LaLiga clubs, tactical coaching experts",https://www.tacticalsoccerai.com/
Prov-302,Pro Football Training Academy,Soccer Facilities,Canada,info@profootballacademy.com,+1 416 555 4321,"Canadian Soccer Association, youth development programs",https://www.profootballacademy.com/
Prov-303,Kickstart Football Foundation,Charity & Community Programs,International,info@kickstartfootball.org,+44 161 555 4321,"FIFA Foundation, underprivileged youth soccer programs",https://www.kickstartfootball.org/
Prov-304,Master Soccer Development Camp,Soccer Facilities,United States,info@mastersoccerdevelopment.com,+1 212 555 3210,"MLS Next, elite soccer training camps",https://www.mastersoccerdevelopment.com/
Prov-305,AI Football Data Lab,Technology & Analytics,International,info@aifootballdatalab.com,+44 203 555 3210,"AI-driven football analytics firms, elite clubs",https://www.aifootballdatalab.com/
Prov-306,Soccer Performance Analytics,Technology & Analytics,United Kingdom,info@soccerperformanceanalytics.com,+44 203 555 8765,"Premier League clubs, football data analysts",https://www.soccerperformanceanalytics.com/
Prov-307,Elite Soccer Recovery Hub,Sports Medicine & Rehabilitation,United States,info@elitesoccerrecovery.com,+1 310 555 7654,"MLS teams, professional soccer athletes",https://www.elitesoccerrecovery.com/
Prov-308,The Global Football Summit,Event Organizers,International,info@globalfootballsummit.com,+44 203 555 6543,"UEFA, FIFA, international football executives",https://www.globalfootballsummit.com/
Prov-309,Advanced Soccer Physio Center,Sports Medicine & Rehabilitation,Australia,info@advancedsoccerphysio.com.au,+61 2 5556 7654,"A-League clubs, FIFA sports injury programs",https://www.advancedsoccerphysio.com.au/
Prov-310,Ultimate Soccer Supporters,Fan Engagement & Entertainment,International,info@ultimatesoccersupporters.com,+44 203 555 5432,"Football fan communities, global soccer networks",https://www.ultimatesoccersupporters.com/
Prov-311,Football Data Intelligence,Technology & Analytics,Spain,info@footballdataintelligence.com,+34 91 555 5432,"LaLiga clubs, tactical coaching specialists",https://www.footballdataintelligence.com/
Prov-312,National Soccer Training Hub,Soccer Facilities,Canada,info@nationalsoccertraininghub.com,+1 416 555 4321,"Canadian Soccer Association, elite youth soccer programs",https://www.nationalsoccertraininghub.com/
Prov-313,Goals Beyond Borders Foundation,Charity & Community Programs,International,info@goalsbeyondborders.org,+44 161 555 4321,"FIFA Foundation, grassroots football projects",https://www.goalsbeyondborders.org/
Prov-314,Elite Soccer Academy USA,Soccer Facilities,United States,info@elitesocceracademyusa.com,+1 212 555 3210,"MLS Next, premier soccer development programs",https://www.elitesocceracademyusa.com/
Prov-315,AI Soccer Strategy Lab,Technology & Analytics,International,info@aisoccerstrategylab.com,+44 203 555 3210,"AI-driven football analytics firms, elite clubs",https://www.aisoccerstrategylab.com/
Prov-316,Soccer Vision Analytics,Technology & Analytics,United Kingdom,info@soccervisionanalytics.com,+44 203 555 8765,"Premier League clubs, performance analysis firms",https://www.soccervisionanalytics.com/
Prov-317,Pro Football Injury Rehab,Sports Medicine & Rehabilitation,United States,info@profootballinjuryrehab.com,+1 310 555 7654,"MLS teams, collegiate soccer programs",https://www.profootballinjuryrehab.com/
Prov-318,The Football Business Forum,Event Organizers,International,info@footballbusinessforum.com,+44 203 555 6543,"UEFA, FIFA, global football professionals",https://www.footballbusinessforum.com/
Prov-319,Elite Soccer Physiotherapy,Sports Medicine & Rehabilitation,Australia,info@elitesoccerphysio.com.au,+61 2 5556 7654,"A-League clubs, FIFA rehabilitation programs",https://www.elitesoccerphysio.com.au/
Prov-320,The Soccer Supporters Network,Fan Engagement & Entertainment,International,info@soccersupportersnetwork.com,+44 203 555 5432,"Football fan clubs, global media networks",https://www.soccersupportersnetwork.com/
Prov-321,Tactical Football Metrics,Technology & Analytics,Spain,info@tacticalfootballmetrics.com,+34 91 555 5432,"LaLiga clubs, tactical coaching teams",https://www.tacticalfootballmetrics.com/
Prov-322,Soccer Excellence Academy,Soccer Facilities,Canada,info@soccerexcellenceacademy.com,+1 416 555 4321,"Canadian Soccer Association, youth development programs",https://www.soccerexcellenceacademy.com/
Prov-323,Football Dreams Foundation,Charity & Community Programs,International,info@footballdreamsfoundation.org,+44 161 555 4321,"FIFA Foundation, grassroots soccer projects",https://www.footballdreamsfoundation.org/
Prov-324,Soccer Master Training Camp,Soccer Facilities,United States,info@soccermastertrainingcamp.com,+1 212 555 3210,"MLS Next, elite soccer academies",https://www.soccermastertrainingcamp.com/
Prov-325,AI Soccer Coaching Insights,Technology & Analytics,International,info@aisoccercoachinginsights.com,+44 203 555 3210,"AI-powered analytics firms, professional teams",https://www.aisoccercoachinginsights.com/
Prov-326,NextGen Soccer Data,Technology & Analytics,United Kingdom,info@nextgensoccerdata.com,+44 203 555 8765,"Premier League clubs, analytics firms",https://www.nextgensoccerdata.com/
Prov-327,Total Football Recovery,Sports Medicine & Rehabilitation,United States,info@totalfootballrecovery.com,+1 310 555 7654,"MLS teams, college soccer programs",https://www.totalfootballrecovery.com/
Prov-328,International Soccer Congress,Event Organizers,International,info@internationalsoccercongress.com,+44 203 555 6543,"UEFA, FIFA, global football executives",https://www.internationalsoccercongress.com/
Prov-329,Football Performance Therapy,Sports Medicine & Rehabilitation,Australia,info@footballperformancetherapy.com.au,+61 2 5556 7654,"A-League clubs, FIFA rehabilitation programs",https://www.footballperformancetherapy.com.au/
Prov-330,Soccer Super Fans,Fan Engagement & Entertainment,International,info@soccersuperfans.com,+44 203 555 5432,"Football influencer networks, streaming platforms",https://www.soccersuperfans.com/
Prov-331,Football Strategy Lab,Technology & Analytics,Spain,info@footballstrategylab.com,+34 91 555 5432,"LaLiga clubs, advanced football strategists",https://www.footballstrategylab.com/
Prov-332,Premier Soccer Academy Canada,Soccer Facilities,Canada,info@premiersocceracademycanada.com,+1 416 555 4321,"Canadian Soccer Association, elite youth soccer programs",https://www.premiersocceracademycanada.com/
Prov-333,Play It Forward Foundation,Charity & Community Programs,International,info@playitforward.org,+44 161 555 4321,"FIFA Foundation, grassroots soccer projects",https://www.playitforward.org/
Prov-334,Soccer Champions Training Camp,Soccer Facilities,United States,info@soccerchampionstraining.com,+1 212 555 3210,"MLS Next, professional training academies",https://www.soccerchampionstraining.com/
Prov-335,AI Soccer Playmaker,Technology & Analytics,International,info@aisoccerplaymaker.com,+44 203 555 3210,"AI-driven soccer analytics firms, elite teams",https://www.aisoccerplaymaker.com/
Prov-336,Soccer IQ Analytics,Technology & Analytics,United Kingdom,info@socceriqanalytics.com,+44 203 555 8765,"Premier League clubs, scouting agencies",https://www.socceriqanalytics.com/
Prov-337,Pro Soccer Wellness Clinic,Sports Medicine & Rehabilitation,United States,info@prosoccerwellness.com,+1 310 555 7654,"MLS teams, college soccer programs",https://www.prosoccerwellness.com/
Prov-338,World Soccer Leadership Summit,Event Organizers,International,info@worldsoccerleadership.com,+44 203 555 6543,"UEFA, FIFA, football executives",https://www.worldsoccerleadership.com/
Prov-339,Football Injury Prevention Center,Sports Medicine & Rehabilitation,Australia,info@footballinjuryprevention.com.au,+61 2 5556 7654,"A-League clubs, FIFA medical programs",https://www.footballinjuryprevention.com.au/
Prov-340,Soccer Fan Hub Network,Fan Engagement & Entertainment,International,info@soccerfanhub.com,+44 203 555 5432,"Football influencers, digital fan communities",https://www.soccerfanhub.com/
Prov-341,Football Insights Lab,Technology & Analytics,Spain,info@footballinsightslab.com,+34 91 555 5432,"LaLiga clubs, advanced tactical analysis teams",https://www.footballinsightslab.com/
Prov-342,National Soccer Academy,Soccer Facilities,Canada,info@nationalsocceracademy.com,+1 416 555 4321,"Canadian Soccer Association, youth soccer academies",https://www.nationalsocceracademy.com/
Prov-343,Kicking Forward Foundation,Charity & Community Programs,International,info@kickingforward.org,+44 161 555 4321,"FIFA Foundation, grassroots football initiatives",https://www.kickingforward.org/
Prov-344,Elite Soccer Development Camp,Soccer Facilities,United States,info@elitesoccerdevelopment.com,+1 212 555 3210,"MLS Next, elite soccer training academies",https://www.elitesoccerdevelopment.com/
Prov-345,AI Soccer Tactics Studio,Technology & Analytics,International,info@aisoccertacticsstudio.com,+44 203 555 3210,"AI-powered football analysis firms, professional teams",https://www.aisoccertacticsstudio.com/
Prov-346,Soccer Data Science Lab,Technology & Analytics,United Kingdom,info@soccerdatascience.com,+44 203 555 8765,"Premier League clubs, football performance analysts",https://www.soccerdatascience.com/
Prov-347,Elite Soccer Injury Clinic,Sports Medicine & Rehabilitation,United States,info@elitesoccerinjury.com,+1 310 555 7654,"MLS teams, college soccer programs",https://www.elitesoccerinjury.com/
Prov-348,Global Soccer Business Conference,Event Organizers,International,info@globalsoccerbusiness.com,+44 203 555 6543,"UEFA, FIFA, football business executives",https://www.globalsoccerbusiness.com/
Prov-349,Football Recovery Solutions,Sports Medicine & Rehabilitation,Australia,info@footballrecoverysolutions.com.au,+61 2 5556 7654,"A-League clubs, FIFA medical programs",https://www.footballrecoverysolutions.com.au/
Prov-350,Soccer Community Hub,Fan Engagement & Entertainment,International,info@soccercommunityhub.com,+44 203 555 5432,"Football influencer networks, online soccer forums",https://www.soccercommunityhub.com/
Prov-351,Football Strategy Analytics,Technology & Analytics,Spain,info@footballstrategyanalytics.com,+34 91 555 5432,"LaLiga clubs, tactical coaching teams",https://www.footballstrategyanalytics.com/
Prov-352,Soccer Excellence Academy Canada,Soccer Facilities,Canada,info@soccerexcellenceacademycanada.com,+1 416 555 4321,"Canadian Soccer Association, youth training academies",https://www.soccerexcellenceacademycanada.com/
Prov-353,Play for Change Foundation,Charity & Community Programs,International,info@playforchange.org,+44 161 555 4321,"FIFA Foundation, grassroots football development programs",https://www.playforchange.org/
Prov-354,Elite Soccer Training Academy,Soccer Facilities,United States,info@elitesoccertrainingacademy.com,+1 212 555 3210,"MLS Next, professional soccer training academies",https://www.elitesoccertrainingacademy.com/
Prov-355,AI Soccer Performance Lab,Technology & Analytics,International,info@aisoccerperformance.com,+44 203 555 3210,"AI-driven football analytics firms, elite football teams",https://www.aisoccerperformance.com/
Prov-356,Soccer Tech Innovations,Technology & Analytics,United Kingdom,info@soccertechinnovations.com,+44 203 555 8765,"Premier League clubs, football analytics firms",https://www.soccertechinnovations.com/
Prov-357,Advanced Football Physio,Sports Medicine & Rehabilitation,United States,info@advancedfootballphysio.com,+1 310 555 7654,"MLS teams, professional athletes",https://www.advancedfootballphysio.com/
Prov-358,International Football Industry Summit,Event Organizers,International,info@ifisummit.com,+44 203 555 6543,"UEFA, FIFA, international sports executives",https://www.ifisummit.com/
Prov-359,Football Recovery Clinic,Sports Medicine & Rehabilitation,Australia,info@footballrecoveryclinic.com.au,+61 2 5556 7654,"A-League clubs, FIFA medical programs",https://www.footballrecoveryclinic.com.au/
Prov-360,Ultimate Soccer Fans Network,Fan Engagement & Entertainment,International,info@ultimatesoccerfans.com,+44 203 555 5432,"Football fan networks, sports streaming platforms",https://www.ultimatesoccerfans.com/
Prov-361,Tactical Soccer Metrics,Technology & Analytics,Spain,info@tacticalsoccermetrics.com,+34 91 555 5432,"LaLiga clubs, tactical analysts",https://www.tacticalsoccermetrics.com/
Prov-362,Pro Soccer Academy Canada,Soccer Facilities,Canada,info@prosocceracademycanada.com,+1 416 555 4321,"Canadian Soccer Association, youth soccer academies",https://www.prosocceracademycanada.com/
Prov-363,Soccer for Hope Foundation,Charity & Community Programs,International,info@soccerforhope.org,+44 161 555 4321,"FIFA Foundation, grassroots soccer projects",https://www.soccerforhope.org/
Prov-364,Elite Football Training Complex,Soccer Facilities,United States,info@elitefootballtraining.com,+1 212 555 3210,"MLS Next, elite soccer training programs",https://www.elitefootballtraining.com/
Prov-365,AI Soccer Intelligence Hub,Technology & Analytics,International,info@aisoccerintelligence.com,+44 203 555 3210,"AI-powered soccer analytics firms, elite clubs",https://www.aisoccerintelligence.com/
Prov-366,Soccer Vision AI,Technology & Analytics,United Kingdom,info@soccervisionai.com,+44 203 555 8765,"Premier League clubs, AI-driven analysis firms",https://www.soccervisionai.com/
Prov-367,Pro Soccer Therapy Center,Sports Medicine & Rehabilitation,United States,info@prosoccertherapy.com,+1 310 555 7654,"MLS teams, elite footballers",https://www.prosoccertherapy.com/
Prov-368,Global Football Summit,Event Organizers,International,info@globalfootballsummit.com,+44 203 555 6543,"UEFA, FIFA, global football executives",https://www.globalfootballsummit.com/
Prov-369,Advanced Soccer Injury Clinic,Sports Medicine & Rehabilitation,Australia,info@advancedsoccerinjury.com.au,+61 2 5556 7654,"A-League clubs, FIFA medical programs",https://www.advancedsoccerinjury.com.au/
Prov-370,Soccer Fans United,Fan Engagement & Entertainment,International,info@soccerfansunited.com,+44 203 555 5432,"Football influencer networks, major sports broadcasters",https://www.soccerfansunited.com/
Prov-371,Football Analytics Pro,Technology & Analytics,Spain,info@footballanalyticspro.com,+34 91 555 5432,"LaLiga clubs, tactical analysis firms",https://www.footballanalyticspro.com/
Prov-372,Elite Soccer Academy Canada,Soccer Facilities,Canada,info@elitesocceracademycanada.com,+1 416 555 4321,"Canadian Soccer Association, youth soccer academies",https://www.elitesocceracademycanada.com/
Prov-373,Goals for Change Foundation,Charity & Community Programs,International,info@goalsforchange.org,+44 161 555 4321,"FIFA Foundation, grassroots soccer programs",https://www.goalsforchange.org/
Prov-374,Next Level Soccer Training,Soccer Facilities,United States,info@nextlevelsoccer.com,+1 212 555 3210,"MLS Next, professional training centers",https://www.nextlevelsoccer.com/
Prov-375,AI Soccer Performance Lab,Technology & Analytics,International,info@aisoccerperformancelab.com,+44 203 555 3210,"AI-driven soccer analytics firms, elite clubs",https://www.aisoccerperformancelab.com/
Prov-376,Smart Soccer Metrics,Technology & Analytics,United Kingdom,info@smartsoccermetrics.com,+44 203 555 8765,"Premier League clubs, football data analysts",https://www.smartsoccermetrics.com/
Prov-377,Total Soccer Recovery,Sports Medicine & Rehabilitation,United States,info@totalsoccerrecovery.com,+1 310 555 7654,"MLS teams, elite athletes",https://www.totalsoccerrecovery.com/
Prov-378,World Soccer Conference,Event Organizers,International,info@worldsoccerconference.com,+44 203 555 6543,"UEFA, FIFA, global sports professionals",https://www.worldsoccerconference.com/
Prov-379,Soccer Injury Prevention Clinic,Sports Medicine & Rehabilitation,Australia,info@soccerinjuryprevention.com.au,+61 2 5556 7654,"A-League clubs, FIFA sports medicine programs",https://www.soccerinjuryprevention.com.au/
Prov-380,Ultimate Fan Zone,Fan Engagement & Entertainment,International,info@ultimatefanzone.com,+44 203 555 5432,"Football fan clubs, sports broadcasters",https://www.ultimatefanzone.com/
Prov-381,Football Intelligence Solutions,Technology & Analytics,Spain,info@footballintelligencesolutions.com,+34 91 555 5432,"LaLiga clubs, tactical strategists",https://www.footballintelligencesolutions.com/
Prov-382,National Soccer Training Hub,Soccer Facilities,Canada,info@nationalsoccertraininghub.com,+1 416 555 4321,"Canadian Soccer Association, elite youth training",https://www.nationalsoccertraininghub.com/
Prov-383,Kickstart Football Foundation,Charity & Community Programs,International,info@kickstartfootball.org,+44 161 555 4321,"FIFA Foundation, youth football programs",https://www.kickstartfootball.org/
Prov-384,Pro Soccer Development Camp,Soccer Facilities,United States,info@prosoccerdevelopment.com,+1 212 555 3210,"MLS Next, professional soccer training camps",https://www.prosoccerdevelopment.com/
Prov-385,AI Soccer Analytics Lab,Technology & Analytics,International,info@aisocceranalyticslab.com,+44 203 555 3210,"AI-driven soccer analytics firms, elite clubs",https://www.aisocceranalyticslab.com/
Prov-386,Soccer Data Pros,Technology & Analytics,United Kingdom,info@soccerdatapros.com,+44 203 555 8765,"Premier League clubs, data analysis firms",https://www.soccerdatapros.com/
Prov-387,Pro Soccer Health Center,Sports Medicine & Rehabilitation,United States,info@prosoccerhealth.com,+1 310 555 7654,"MLS teams, sports medicine programs",https://www.prosoccerhealth.com/
Prov-388,International Football Networking Event,Event Organizers,International,info@ifnevent.com,+44 203 555 6543,"UEFA, FIFA, football executives",https://www.ifnevent.com/
Prov-389,Elite Soccer Therapy Hub,Sports Medicine & Rehabilitation,Australia,info@elitesoccertherapy.com.au,+61 2 5556 7654,"A-League clubs, FIFA rehab programs",https://www.elitesoccertherapy.com.au/
Prov-390,FanZone Football Community,Fan Engagement & Entertainment,International,info@fanzonefootball.com,+44 203 555 5432,"Football fan networks, social media platforms",https://www.fanzonefootball.com/
Prov-391,Football Performance Hub,Technology & Analytics,Spain,info@footballperformancehub.com,+34 91 555 5432,"LaLiga clubs, tactical coaching teams",https://www.footballperformancehub.com/
Prov-392,Premier Soccer Academy,Soccer Facilities,Canada,info@premiersocceracademy.com,+1 416 555 4321,"Canadian Soccer Association, youth soccer programs",https://www.premiersocceracademy.com/
Prov-393,Playmakers Football Foundation,Charity & Community Programs,International,info@playmakersfoundation.org,+44 161 555 4321,"FIFA Foundation, grassroots football initiatives",https://www.playmakersfoundation.org/
Prov-394,Soccer Masterclass Camp,Soccer Facilities,United States,info@soccermasterclasscamp.com,+1 212 555 3210,"MLS Next, professional soccer academies",https://www.soccermasterclasscamp.com/
Prov-395,AI Tactical Football Analysis,Technology & Analytics,International,info@aitacticalfootball.com,+44 203 555 3210,"AI-powered analytics firms, elite clubs",https://www.aitacticalfootball.com/
Prov-396,Soccer Metrics Lab,Technology & Analytics,United Kingdom,info@soccermetricslab.com,+44 203 555 8765,"Premier League clubs, sports analytics firms",https://www.soccermetricslab.com/
Prov-397,Elite Football Rehabilitation,Sports Medicine & Rehabilitation,United States,info@elitefootballrehab.com,+1 310 555 7654,"MLS teams, sports medicine programs",https://www.elitefootballrehab.com/
Prov-398,World Football Expo,Event Organizers,International,info@worldfootballexpo.com,+44 203 555 6543,"UEFA, FIFA, global football executives",https://www.worldfootballexpo.com/
Prov-399,Soccer Injury Specialists,Sports Medicine & Rehabilitation,Australia,info@soccerinjuryspecialists.com.au,+61 2 5556 7654,"A-League clubs, FIFA rehab programs",https://www.soccerinjuryspecialists.com.au/
Prov-400,The Ultimate Soccer Experience,Fan Engagement & Entertainment,International,info@ultimatesoccerexperience.com,+44 203 555 5432,"Football influencers, fan engagement networks",https://www.ultimatesoccerexperience.com/
Prov-401,Football Data Intelligence Hub,Technology & Analytics,Spain,info@footballdatahub.com,+34 91 555 5432,"LaLiga clubs, performance analysts",https://www.footballdatahub.com/
Prov-402,National Soccer Training Facility,Soccer Facilities,Canada,info@nationalsoccertraining.com,+1 416 555 4321,"Canadian Soccer Association, youth soccer academies",https://www.nationalsoccertraining.com/
Prov-403,Kickoff for Change Foundation,Charity & Community Programs,International,info@kickoffforchange.org,+44 161 555 4321,"FIFA Foundation, grassroots football initiatives",https://www.kickoffforchange.org/
Prov-404,Advanced Soccer Training Camp,Soccer Facilities,United States,info@advancedsoccertraining.com,+1 212 555 3210,"MLS Next, professional soccer training programs",https://www.advancedsoccertraining.com/
Prov-405,AI Soccer Innovation Hub,Technology & Analytics,International,info@aisoccerhub.com,+44 203 555 3210,"AI-driven soccer analytics firms, elite football teams",https://www.aisoccerhub.com/
